/*
 Navicat Premium Data Transfer

 Source Server         : Localhost
 Source Server Type    : MySQL
 Source Server Version : 100417
 Source Host           : localhost:3306
 Source Schema         : argentina

 Target Server Type    : MySQL
 Target Server Version : 100417
 File Encoding         : 65001

 Date: 22/12/2020 15:13:48
*/

SET NAMES utf8mb4;
SET FOREIGN_KEY_CHECKS = 0;

-- ----------------------------
-- Table structure for afipauditoria
-- ----------------------------
DROP TABLE IF EXISTS `afipauditoria`;
CREATE TABLE `afipauditoria`  (
  `id` int(11) NOT NULL AUTO_INCREMENT,
  `nro_afip` varchar(255) CHARACTER SET latin1 COLLATE latin1_swedish_ci NULL DEFAULT NULL,
  `descripcion` varchar(255) CHARACTER SET latin1 COLLATE latin1_swedish_ci NULL DEFAULT NULL,
  `sigla` varchar(255) CHARACTER SET latin1 COLLATE latin1_swedish_ci NULL DEFAULT NULL,
  `usuario` varchar(255) CHARACTER SET latin1 COLLATE latin1_swedish_ci NULL DEFAULT NULL,
  `accion` varchar(255) CHARACTER SET latin1 COLLATE latin1_swedish_ci NULL DEFAULT NULL,
  `fecha` date NULL DEFAULT NULL,
  `hora` time(0) NULL DEFAULT NULL,
  PRIMARY KEY (`id`) USING BTREE
) ENGINE = InnoDB AUTO_INCREMENT = 1 CHARACTER SET = latin1 COLLATE = latin1_swedish_ci ROW_FORMAT = Dynamic;

-- ----------------------------
-- Table structure for cliente
-- ----------------------------
DROP TABLE IF EXISTS `cliente`;
CREATE TABLE `cliente`  (
  `id` int(11) NOT NULL AUTO_INCREMENT,
  `num_cliente` varchar(255) CHARACTER SET latin1 COLLATE latin1_swedish_ci NULL DEFAULT NULL,
  `apellido` varchar(255) CHARACTER SET latin1 COLLATE latin1_swedish_ci NULL DEFAULT NULL,
  `nombre` varchar(255) CHARACTER SET latin1 COLLATE latin1_swedish_ci NULL DEFAULT NULL,
  `nro_documento` varchar(255) CHARACTER SET latin1 COLLATE latin1_swedish_ci NULL DEFAULT NULL,
  `tipodocumento_id` int(11) NULL DEFAULT NULL,
  PRIMARY KEY (`id`) USING BTREE,
  UNIQUE INDEX `nro_documento`(`nro_documento`) USING BTREE,
  UNIQUE INDEX `num_cliente`(`num_cliente`) USING BTREE,
  INDEX `tipodocumento_id`(`tipodocumento_id`) USING BTREE,
  CONSTRAINT `cliente_ibfk_1` FOREIGN KEY (`tipodocumento_id`) REFERENCES `tipodocumento` (`id`) ON DELETE RESTRICT ON UPDATE CASCADE
) ENGINE = InnoDB AUTO_INCREMENT = 1 CHARACTER SET = latin1 COLLATE = latin1_swedish_ci ROW_FORMAT = Dynamic;

-- ----------------------------
-- Table structure for clienteauditoria
-- ----------------------------
DROP TABLE IF EXISTS `clienteauditoria`;
CREATE TABLE `clienteauditoria`  (
  `id` int(11) NOT NULL AUTO_INCREMENT,
  `num_cliente` varchar(255) CHARACTER SET latin1 COLLATE latin1_swedish_ci NULL DEFAULT NULL,
  `apellido` varchar(255) CHARACTER SET latin1 COLLATE latin1_swedish_ci NULL DEFAULT NULL,
  `nombre` varchar(255) CHARACTER SET latin1 COLLATE latin1_swedish_ci NULL DEFAULT NULL,
  `nro_documento` varchar(255) CHARACTER SET latin1 COLLATE latin1_swedish_ci NULL DEFAULT NULL,
  `tipodocumento_id` int(11) NULL DEFAULT NULL,
  `usuario` varchar(255) CHARACTER SET latin1 COLLATE latin1_swedish_ci NULL DEFAULT NULL,
  `accion` varchar(255) CHARACTER SET latin1 COLLATE latin1_swedish_ci NULL DEFAULT NULL,
  `fecha` date NULL DEFAULT NULL,
  `hora` time(0) NULL DEFAULT NULL,
  PRIMARY KEY (`id`) USING BTREE
) ENGINE = InnoDB AUTO_INCREMENT = 1 CHARACTER SET = latin1 COLLATE = latin1_swedish_ci ROW_FORMAT = Dynamic;

-- ----------------------------
-- Table structure for migrations
-- ----------------------------
DROP TABLE IF EXISTS `migrations`;
CREATE TABLE `migrations`  (
  `id` int(11) NOT NULL AUTO_INCREMENT,
  `name` varchar(200) CHARACTER SET latin1 COLLATE latin1_swedish_ci NOT NULL,
  `date` datetime(0) NULL DEFAULT NULL,
  PRIMARY KEY (`id`) USING BTREE
) ENGINE = InnoDB AUTO_INCREMENT = 2 CHARACTER SET = latin1 COLLATE = latin1_swedish_ci ROW_FORMAT = Dynamic;

-- ----------------------------
-- Records of migrations
-- ----------------------------
INSERT INTO `migrations` VALUES (1, 'migration_1', '2019-09-11 20:59:53');

-- ----------------------------
-- Table structure for params
-- ----------------------------
DROP TABLE IF EXISTS `params`;
CREATE TABLE `params`  (
  `name` varchar(200) CHARACTER SET utf8 COLLATE utf8_bin NOT NULL,
  `parameter` varchar(2000) CHARACTER SET utf8 COLLATE utf8_bin NOT NULL DEFAULT '0',
  PRIMARY KEY (`name`) USING BTREE,
  UNIQUE INDEX `name_UNIQUE`(`name`) USING BTREE
) ENGINE = InnoDB CHARACTER SET = utf8 COLLATE = utf8_bin ROW_FORMAT = Dynamic;

-- ----------------------------
-- Records of params
-- ----------------------------
INSERT INTO `params` VALUES ('perfilusuario_superadmin', '4');

-- ----------------------------
-- Table structure for perfilusuario
-- ----------------------------
DROP TABLE IF EXISTS `perfilusuario`;
CREATE TABLE `perfilusuario`  (
  `id` int(11) NOT NULL AUTO_INCREMENT,
  `perfil` varchar(255) CHARACTER SET latin1 COLLATE latin1_swedish_ci NULL DEFAULT NULL,
  PRIMARY KEY (`id`) USING BTREE,
  UNIQUE INDEX `perfilusuario`(`perfil`) USING BTREE
) ENGINE = InnoDB AUTO_INCREMENT = 5 CHARACTER SET = latin1 COLLATE = latin1_swedish_ci ROW_FORMAT = Dynamic;

-- ----------------------------
-- Records of perfilusuario
-- ----------------------------
INSERT INTO `perfilusuario` VALUES (1, 'auditor');
INSERT INTO `perfilusuario` VALUES (4, 'superadmin');
INSERT INTO `perfilusuario` VALUES (2, 'supervisor');
INSERT INTO `perfilusuario` VALUES (3, 'usuario');

-- ----------------------------
-- Table structure for permisos
-- ----------------------------
DROP TABLE IF EXISTS `permisos`;
CREATE TABLE `permisos`  (
  `id` int(10) NOT NULL AUTO_INCREMENT,
  `module` varchar(255) CHARACTER SET latin1 COLLATE latin1_swedish_ci NOT NULL,
  `idselector` varchar(255) CHARACTER SET latin1 COLLATE latin1_swedish_ci NULL DEFAULT NULL,
  `href` varchar(255) CHARACTER SET latin1 COLLATE latin1_swedish_ci NOT NULL,
  `class` varchar(255) CHARACTER SET latin1 COLLATE latin1_swedish_ci NOT NULL,
  `divparent` varchar(255) CHARACTER SET latin1 COLLATE latin1_swedish_ci NOT NULL,
  `iconCls` varchar(255) CHARACTER SET latin1 COLLATE latin1_swedish_ci NOT NULL,
  `plain` varchar(255) CHARACTER SET latin1 COLLATE latin1_swedish_ci NULL DEFAULT NULL,
  `onclick` varchar(255) CHARACTER SET latin1 COLLATE latin1_swedish_ci NULL DEFAULT NULL,
  `title` varchar(255) CHARACTER SET latin1 COLLATE latin1_swedish_ci NULL DEFAULT NULL,
  `style` varchar(255) CHARACTER SET latin1 COLLATE latin1_swedish_ci NULL DEFAULT NULL,
  `ordernum` int(11) NULL DEFAULT NULL,
  `locked` varchar(255) CHARACTER SET latin1 COLLATE latin1_swedish_ci NULL DEFAULT NULL,
  `support` varchar(10) CHARACTER SET latin1 COLLATE latin1_swedish_ci NULL DEFAULT NULL,
  `param` varchar(100) CHARACTER SET latin1 COLLATE latin1_swedish_ci NULL DEFAULT NULL,
  `paramval` varchar(100) CHARACTER SET latin1 COLLATE latin1_swedish_ci NULL DEFAULT NULL,
  `nextseparator` varchar(10) CHARACTER SET latin1 COLLATE latin1_swedish_ci NULL DEFAULT NULL,
  `element` varchar(10) CHARACTER SET latin1 COLLATE latin1_swedish_ci NULL DEFAULT NULL,
  `body` tinyint(1) NULL DEFAULT 0,
  `tooltip` varchar(10) CHARACTER SET latin1 COLLATE latin1_swedish_ci NULL DEFAULT '0',
  `messagetool` varchar(250) CHARACTER SET latin1 COLLATE latin1_swedish_ci NULL DEFAULT NULL,
  PRIMARY KEY (`id`) USING BTREE,
  UNIQUE INDEX `column`(`module`, `idselector`) USING BTREE
) ENGINE = InnoDB AUTO_INCREMENT = 17 CHARACTER SET = latin1 COLLATE = latin1_swedish_ci ROW_FORMAT = Dynamic;

-- ----------------------------
-- Records of permisos
-- ----------------------------
INSERT INTO `permisos` VALUES (1, 'GENERAL', 'btnGeneral_usuarios', '#', 'easyui-linkbutton', 'mm1', 'icon-man', 'true', 'agregarTabUsuario()', 'Usuarios', '', 0, 'false', 'false', '', '', '', 'a', 0, 'false', '');
INSERT INTO `permisos` VALUES (2, 'GENERAL', 'btnGeneral_permisos', '#', 'easyui-linkbutton', 'mm1', 'icon-hlock', 'true', 'agregarTabPermisos()', 'Permisos', '', 1, 'false', 'false', '', '', '', 'a', 0, 'false', '');
INSERT INTO `permisos` VALUES (3, 'GENERAL', 'btnGeneral_tiposdocumentos', '#', 'easyui-linkbutton', 'mm1', 'icon-record2', 'true', 'agregarTabTiposDocs()', 'Tipos Documentos', '', 2, 'false', 'false', '', '', '', 'a', 0, 'false', '');
INSERT INTO `permisos` VALUES (4, 'GENERAL', 'btnGeneral_clientes', '#', 'easyui-linkbutton', 'mm1', 'icon-man', 'true', 'agregarTabCliente()', 'Clientes', '', 3, 'false', 'false', '', '', '', 'a', 0, 'false', '');
INSERT INTO `permisos` VALUES (5, 'GENERAL', 'btnGeneral_auditoriaclientes', '#', 'easyui-linkbutton', 'mm1', 'icon-record2', 'true', 'agregarTabAuditoriaClient()', 'Auditoria Clientes', '', 4, 'false', 'false', '', '', '', 'a', 0, 'false', '');
INSERT INTO `permisos` VALUES (6, 'GENERAL', 'btnGeneral_auditoriaafip', '#', 'easyui-linkbutton', 'mm1', 'icon-record2', 'true', 'agregarTabAuditoriaDoc()', 'Auditoria Afip', '', 5, 'false', 'false', '', '', '', 'a', 0, 'false', '');
INSERT INTO `permisos` VALUES (7, 'CLIENTES', 'btnClientes_nuevoCliente', '#', 'easyui-linkbutton', '', 'icon-add', 'true', 'nuevoCliente()', 'Nuevo Cliente', '', 0, 'false', 'false', '', '', '', 'a', 0, 'false', '');
INSERT INTO `permisos` VALUES (8, 'CLIENTES', 'btnClientes_editarCliente', '#', 'easyui-linkbutton', '', 'icon-edit', 'true', 'editarCliente()', 'Editar Cliente', '', 1, 'false', 'false', '', '', '', 'a', 0, 'false', '');
INSERT INTO `permisos` VALUES (9, 'CLIENTES', 'btnClientes_eliminarCliente', '#', 'easyui-linkbutton', '', 'icon-remove', 'true', 'eliminarCliente()', 'Eliminar Cliente', '', 2, 'false', 'false', '', '', '', 'a', 0, 'false', '');
INSERT INTO `permisos` VALUES (10, 'CLIENTES', 'btnClientes_filtrarCliente', '#', 'easyui-linkbutton', '', 'icon-filter', 'true', 'filtrarCliente()', 'Filtrar Cliente', '', 3, 'false', 'false', '', '', '', 'a', 0, 'false', '');
INSERT INTO `permisos` VALUES (11, 'USUARIOS', 'btnUsuarios_nuevoUsuario', '#', 'easyui-linkbutton', '', 'icon-add', 'true', 'nuevoUsuario()', 'Nuevo Usuario', '', 0, 'false', 'false', '', '', '', 'a', 0, 'false', '');
INSERT INTO `permisos` VALUES (12, 'USUARIOS', 'btnUsuarios_editarUsuario', '#', 'easyui-linkbutton', '', 'icon-edit', 'true', 'editarUsuario()', 'Editar Usuario', '', 1, 'false', 'false', '', '', '', 'a', 0, 'false', '');
INSERT INTO `permisos` VALUES (13, 'USUARIOS', 'btnUsuarios_eliminarUsuario', '#', 'easyui-linkbutton', '', 'icon-remove', 'true', 'eliminarUsuario()', 'Eliminar Usuario', '', 2, 'false', 'false', '', '', '', 'a', 0, 'false', '');
INSERT INTO `permisos` VALUES (14, 'TIPOSDOCUMENTOS', 'btnTiposdocumentos_nuevoDocumento', '#', 'easyui-linkbutton', '', 'icon-add', 'true', 'nuevoDocumento()', 'Nuevo Documento', '', 0, 'false', 'false', '', '', '', 'a', 0, 'false', '');
INSERT INTO `permisos` VALUES (15, 'TIPOSDOCUMENTOS', 'btnTiposdocumentos_editarDocumento', '#', 'easyui-linkbutton', '', 'icon-edit', 'true', 'editarDocumento()', 'Editar Documento', '', 1, 'false', 'false', '', '', '', 'a', 0, 'false', '');
INSERT INTO `permisos` VALUES (16, 'TIPOSDOCUMENTOS', 'btnTiposdocumentos_eliminarDocumento', '#', 'easyui-linkbutton', '', 'icon-remove', 'true', 'eliminarDocumento()', 'Eliminar Documento', '', 2, 'false', 'false', '', '', '', 'a', 0, 'false', '');

-- ----------------------------
-- Table structure for permisos_perfiles
-- ----------------------------
DROP TABLE IF EXISTS `permisos_perfiles`;
CREATE TABLE `permisos_perfiles`  (
  `id` int(10) UNSIGNED NOT NULL AUTO_INCREMENT,
  `permiso_id` int(11) NULL DEFAULT NULL,
  `perfil_id` int(11) NULL DEFAULT NULL,
  `can` tinyint(4) NULL DEFAULT 0,
  PRIMARY KEY (`id`) USING BTREE,
  UNIQUE INDEX `permiso_perfil_id`(`permiso_id`, `perfil_id`) USING BTREE,
  INDEX `perfil_id`(`perfil_id`) USING BTREE,
  CONSTRAINT `generalbuttons_permiso_ibfk_1` FOREIGN KEY (`perfil_id`) REFERENCES `perfilusuario` (`id`) ON DELETE CASCADE ON UPDATE RESTRICT
) ENGINE = InnoDB AUTO_INCREMENT = 185 CHARACTER SET = latin1 COLLATE = latin1_swedish_ci ROW_FORMAT = Dynamic;

-- ----------------------------
-- Records of permisos_perfiles
-- ----------------------------
INSERT INTO `permisos_perfiles` VALUES (1, 1, 1, 0);
INSERT INTO `permisos_perfiles` VALUES (2, 1, 2, 0);
INSERT INTO `permisos_perfiles` VALUES (3, 1, 3, 0);
INSERT INTO `permisos_perfiles` VALUES (4, 1, 4, 1);
INSERT INTO `permisos_perfiles` VALUES (5, 2, 1, 0);
INSERT INTO `permisos_perfiles` VALUES (6, 2, 2, 0);
INSERT INTO `permisos_perfiles` VALUES (7, 2, 3, 0);
INSERT INTO `permisos_perfiles` VALUES (8, 2, 4, 1);
INSERT INTO `permisos_perfiles` VALUES (9, 3, 1, 0);
INSERT INTO `permisos_perfiles` VALUES (10, 3, 2, 0);
INSERT INTO `permisos_perfiles` VALUES (11, 3, 3, 1);
INSERT INTO `permisos_perfiles` VALUES (12, 3, 4, 1);
INSERT INTO `permisos_perfiles` VALUES (13, 4, 1, 0);
INSERT INTO `permisos_perfiles` VALUES (14, 4, 2, 0);
INSERT INTO `permisos_perfiles` VALUES (15, 4, 3, 1);
INSERT INTO `permisos_perfiles` VALUES (16, 4, 4, 1);
INSERT INTO `permisos_perfiles` VALUES (17, 5, 1, 0);
INSERT INTO `permisos_perfiles` VALUES (18, 5, 2, 0);
INSERT INTO `permisos_perfiles` VALUES (19, 5, 3, 0);
INSERT INTO `permisos_perfiles` VALUES (20, 5, 4, 1);
INSERT INTO `permisos_perfiles` VALUES (21, 6, 1, 0);
INSERT INTO `permisos_perfiles` VALUES (22, 6, 2, 0);
INSERT INTO `permisos_perfiles` VALUES (23, 6, 3, 0);
INSERT INTO `permisos_perfiles` VALUES (24, 6, 4, 1);
INSERT INTO `permisos_perfiles` VALUES (25, 7, 1, 0);
INSERT INTO `permisos_perfiles` VALUES (26, 7, 2, 0);
INSERT INTO `permisos_perfiles` VALUES (27, 7, 3, 0);
INSERT INTO `permisos_perfiles` VALUES (28, 7, 4, 1);
INSERT INTO `permisos_perfiles` VALUES (29, 8, 1, 0);
INSERT INTO `permisos_perfiles` VALUES (30, 8, 2, 0);
INSERT INTO `permisos_perfiles` VALUES (31, 8, 3, 1);
INSERT INTO `permisos_perfiles` VALUES (32, 8, 4, 1);
INSERT INTO `permisos_perfiles` VALUES (33, 9, 1, 0);
INSERT INTO `permisos_perfiles` VALUES (34, 9, 2, 0);
INSERT INTO `permisos_perfiles` VALUES (35, 9, 3, 1);
INSERT INTO `permisos_perfiles` VALUES (36, 9, 4, 1);
INSERT INTO `permisos_perfiles` VALUES (37, 10, 1, 0);
INSERT INTO `permisos_perfiles` VALUES (38, 10, 2, 0);
INSERT INTO `permisos_perfiles` VALUES (39, 10, 3, 1);
INSERT INTO `permisos_perfiles` VALUES (40, 10, 4, 1);
INSERT INTO `permisos_perfiles` VALUES (41, 11, 1, 0);
INSERT INTO `permisos_perfiles` VALUES (42, 11, 2, 0);
INSERT INTO `permisos_perfiles` VALUES (43, 11, 3, 0);
INSERT INTO `permisos_perfiles` VALUES (44, 11, 4, 1);
INSERT INTO `permisos_perfiles` VALUES (45, 12, 1, 0);
INSERT INTO `permisos_perfiles` VALUES (46, 12, 2, 0);
INSERT INTO `permisos_perfiles` VALUES (47, 12, 3, 0);
INSERT INTO `permisos_perfiles` VALUES (48, 12, 4, 1);
INSERT INTO `permisos_perfiles` VALUES (49, 13, 1, 0);
INSERT INTO `permisos_perfiles` VALUES (50, 13, 2, 0);
INSERT INTO `permisos_perfiles` VALUES (51, 13, 3, 0);
INSERT INTO `permisos_perfiles` VALUES (52, 13, 4, 1);
INSERT INTO `permisos_perfiles` VALUES (53, 14, 1, 0);
INSERT INTO `permisos_perfiles` VALUES (54, 14, 2, 0);
INSERT INTO `permisos_perfiles` VALUES (55, 14, 3, 0);
INSERT INTO `permisos_perfiles` VALUES (56, 14, 4, 1);
INSERT INTO `permisos_perfiles` VALUES (57, 15, 1, 0);
INSERT INTO `permisos_perfiles` VALUES (58, 15, 2, 0);
INSERT INTO `permisos_perfiles` VALUES (59, 15, 3, 0);
INSERT INTO `permisos_perfiles` VALUES (60, 15, 4, 1);
INSERT INTO `permisos_perfiles` VALUES (61, 16, 1, 0);
INSERT INTO `permisos_perfiles` VALUES (62, 16, 2, 0);
INSERT INTO `permisos_perfiles` VALUES (63, 16, 3, 0);
INSERT INTO `permisos_perfiles` VALUES (64, 16, 4, 1);

-- ----------------------------
-- Table structure for tipodocumento
-- ----------------------------
DROP TABLE IF EXISTS `tipodocumento`;
CREATE TABLE `tipodocumento`  (
  `id` int(11) NOT NULL AUTO_INCREMENT,
  `nro_afip` varchar(255) CHARACTER SET latin1 COLLATE latin1_swedish_ci NULL DEFAULT NULL,
  `descripcion` varchar(255) CHARACTER SET latin1 COLLATE latin1_swedish_ci NULL DEFAULT NULL,
  `sigla` varchar(255) CHARACTER SET latin1 COLLATE latin1_swedish_ci NULL DEFAULT NULL,
  PRIMARY KEY (`id`) USING BTREE,
  UNIQUE INDEX `nro_afip`(`nro_afip`) USING BTREE
) ENGINE = InnoDB AUTO_INCREMENT = 37 CHARACTER SET = latin1 COLLATE = latin1_swedish_ci ROW_FORMAT = Dynamic;

-- ----------------------------
-- Records of tipodocumento
-- ----------------------------
INSERT INTO `tipodocumento` VALUES (1, '1', 'Cédula Identidad Buenos Aires', 'CI Buenos Aires');
INSERT INTO `tipodocumento` VALUES (2, '2', 'Cédula Identidad Catamarca', 'CI Catamarca');
INSERT INTO `tipodocumento` VALUES (3, '3', 'Cédula Identidad Córdoba', 'CI Córdoba');
INSERT INTO `tipodocumento` VALUES (4, '4', 'Cédula Identidad Corrientes', 'CI Corrientes');
INSERT INTO `tipodocumento` VALUES (5, '5', 'Cédula Identidad Entre Ríos', 'CI Entre Ríos');
INSERT INTO `tipodocumento` VALUES (6, '6', 'Cédula Identidad Jujuy', 'CI Jujuy');
INSERT INTO `tipodocumento` VALUES (7, '7', 'Cédula Identidad Mendoza', 'CI Mendoza');
INSERT INTO `tipodocumento` VALUES (8, '8', 'Cédula Identidad La Rioja', 'CI La Rioja');
INSERT INTO `tipodocumento` VALUES (9, '9', 'Cédula Identidad Salta', 'CI Salta');
INSERT INTO `tipodocumento` VALUES (10, '10', 'Cédula Identidad San Juan', 'CI San Juan');
INSERT INTO `tipodocumento` VALUES (11, '11', 'Cédula Identidad San Luis', 'CI San Luis');
INSERT INTO `tipodocumento` VALUES (12, '12', 'Cédula Identidad Santa Fe', 'CI Santa Fe');
INSERT INTO `tipodocumento` VALUES (13, '14', 'Cédula Identidad Tucumán', 'CI Tucumán');
INSERT INTO `tipodocumento` VALUES (14, '16', 'Cédula Identidad Chaco', 'CI Chaco');
INSERT INTO `tipodocumento` VALUES (15, '17', 'Cédula Identidad Chubut', 'CI Chubut');
INSERT INTO `tipodocumento` VALUES (16, '18', 'Cédula Identidad Formosa', 'CI Formosa');
INSERT INTO `tipodocumento` VALUES (17, '19', 'Cédula Identidad Misiones', 'CI Misiones');
INSERT INTO `tipodocumento` VALUES (18, '20', 'Cédula Identidad Neuquén', 'CI Neuquén');
INSERT INTO `tipodocumento` VALUES (19, '21', 'Cédula Identidad La Pampa', 'CI La Pampa');
INSERT INTO `tipodocumento` VALUES (20, '22', 'Cédula Identidad Río Negro', 'CI Río Negro');
INSERT INTO `tipodocumento` VALUES (21, '23', 'Cédula Identidad Santa Cruz', 'CI Santa Cruz');
INSERT INTO `tipodocumento` VALUES (22, '24', 'Cédula Identidad Tierra del Fuego', 'CI Tierra del Fuego');
INSERT INTO `tipodocumento` VALUES (23, '80', 'Clave única de Identificaciún Tributaria', 'CUIT');
INSERT INTO `tipodocumento` VALUES (24, '86', 'Clave única de Identificaciún Laboral', 'CUIL');
INSERT INTO `tipodocumento` VALUES (25, '87', 'Clave de Identificaciún', 'CDI');
INSERT INTO `tipodocumento` VALUES (26, '89', 'Libreta de Enrolamiento', 'LE');
INSERT INTO `tipodocumento` VALUES (27, '90', 'Libreta Cívica', 'LC');
INSERT INTO `tipodocumento` VALUES (28, '91', 'Cédula Identidad extranjera', 'CI extranjera');
INSERT INTO `tipodocumento` VALUES (29, '92', 'en trámite', 'en trámite');
INSERT INTO `tipodocumento` VALUES (30, '93', 'Acta nacimiento', 'Acta nacimiento');
INSERT INTO `tipodocumento` VALUES (31, '94', 'Pasaporte', 'Pasaporte');
INSERT INTO `tipodocumento` VALUES (32, '95', 'CI Bs. As. Registro Nacional de Prestadores', 'CI Bs. As. RNP');
INSERT INTO `tipodocumento` VALUES (33, '96', 'Documento Nacional de Identidad', 'DNI');
INSERT INTO `tipodocumento` VALUES (34, '99', 'Sin identificar/venta global diaria', 'Sin identificar/venta global diaria');
INSERT INTO `tipodocumento` VALUES (35, '30', 'Certificado de Migración', 'Certificado de Migración');
INSERT INTO `tipodocumento` VALUES (36, '88', 'Usado por Anses para Padrón', 'Usado por Anses para Padrón');

-- ----------------------------
-- Table structure for usuario
-- ----------------------------
DROP TABLE IF EXISTS `usuario`;
CREATE TABLE `usuario`  (
  `id` int(11) NOT NULL AUTO_INCREMENT,
  `nombre` varchar(255) CHARACTER SET latin1 COLLATE latin1_swedish_ci NULL DEFAULT NULL,
  `apellido` varchar(255) CHARACTER SET latin1 COLLATE latin1_swedish_ci NULL DEFAULT NULL,
  `nick` varchar(255) CHARACTER SET latin1 COLLATE latin1_swedish_ci NULL DEFAULT NULL,
  `contrasenia` varchar(255) CHARACTER SET latin1 COLLATE latin1_swedish_ci NULL DEFAULT NULL,
  `perfilusuario_id` int(11) NULL DEFAULT NULL,
  PRIMARY KEY (`id`) USING BTREE,
  UNIQUE INDEX `nick`(`nick`) USING BTREE,
  INDEX `usuario`(`perfilusuario_id`) USING BTREE,
  CONSTRAINT `usuario` FOREIGN KEY (`perfilusuario_id`) REFERENCES `perfilusuario` (`id`) ON DELETE RESTRICT ON UPDATE CASCADE
) ENGINE = InnoDB AUTO_INCREMENT = 2 CHARACTER SET = latin1 COLLATE = latin1_swedish_ci ROW_FORMAT = Dynamic;

-- ----------------------------
-- Records of usuario
-- ----------------------------
INSERT INTO `usuario` VALUES (1, 'Miguel', 'Gatica', 'Migue20xx', '123', 3);

SET FOREIGN_KEY_CHECKS = 1;
